City,Most City billing
Bangalore,6
Amsterdam,7
Bordeaux,7
Boston,7
Brasília,7
Brussels,7
Budapest,7
Buenos Aires,7
Chicago,7
Copenhagen,7
Cupertino,7
Delhi,7
Dijon,7
Dublin,7
Edinburgh ,7
Edmonton,7
Fort Worth,7
Frankfurt,7
Halifax,7
Helsinki,7
Lisbon,7
Lyon,7
Madison,7
Madrid,7
Montréal,7
New York,7
Orlando,7
Oslo,7
Ottawa,7
Porto,7
Redmond,7
Reno,7
Rio de Janeiro,7
Rome,7
Salt Lake City,7
Santiago,7
Sidney,7
Stockholm,7
Stuttgart,7
São José dos Campos,7
Toronto,7
Tucson,7
Vancouver,7
Vienne,7
Warsaw,7
Winnipeg,7
Yellowknife,7
Berlin,28
London,28
Mountain View,28
Paris,28
Prague,28
São Paulo,28
